USE ESTUDO_CASO00005_DMLV;
SHOW COLUMNS FROM CLIENTES;

INSERT INTO CLIENTES (CLIENTES_CPF, CLIENTES_DATANASC, CLIENTES_RUA, CLIENTES_N_RUA, CLIENTES_BAIRRO, CLIENTES_CIDADE, CLIENTES_ESTADO, CLIENTES_PAIS, CLIENTES_CODPOSTAL)VALUES
('123.456.789-01', '1990-05-10', 'Rua das Flores', 120, 'Centro', 'São Paulo', 'SP', 'Brasil', '01010-001'),
('234.567.890-12', '1985-09-15', 'Avenida Brasil', 200, 'Jardim Europa', 'Rio de Janeiro', 'RJ', 'Brasil', '20010-010'),
('345.678.901-23', '1992-02-25', 'Rua dos Lírios', 50, 'Vila Mariana', 'Belo Horizonte', 'MG', 'Brasil', '30120-030'),
('456.789.012-34', '1995-11-30', 'Rua das Palmeiras', 305, 'Praia Grande', 'Salvador', 'BA', 'Brasil', '40010-001'),
('567.890.123-45', '1998-01-05', 'Rua do Sol', 410, 'Vila Nova', 'Curitiba', 'PR', 'Brasil', '80010-100');

UPDATE CLIENTES SET CLIENTES_RUA = 'RUA A' WHERE CLIENTES_CPF = '123.456.789-01';
UPDATE CLIENTES SET CLIENTES_EMAIL = 'cliente@email.com' WHERE CLIENTES_CPF = '123.456.789-01';
DELETE FROM CLIENTES WHERE CLIENTES_CPF = '123.456.789-01';

INSERT INTO FORNECEDORES (FORN_COD, FORN_CONTATO, FORN_NOME, FORN_RUA, FORN_N_RUA, FORN_BAIRRO, FORN_CIDADE, FORN_ESTADO, FORN_PAIS, FORN_CODPOSTAL)VALUES
(1, 'Borboleto', 'Fornecedor A', 'Rua do Comércio', 150, 'Centro', 'São Paulo', 'SP', 'Brasil', '01010-001'),
(2, 'Fernando Gil', 'Fornecedor B', 'Avenida das Nações', 400, 'Zona Norte', 'Rio de Janeiro', 'RJ', 'Brasil', '20050-020'),
(3, 'Motel Gonçalves', 'Fornecedor C', 'Rua das Margaridas', 520, 'Vila Universitária', 'Belo Horizonte', 'MG', 'Brasil', '30150-070'),
(4, 'Gustavo Guanabara', 'Fornecedor D', 'Rua do Rio', 110, 'Barra', 'Salvador', 'BA', 'Brasil', '40080-090'),
(5, 'Deyde Costa', 'Fornecedor E', 'Avenida Central', 230, 'Vila Nova', 'Curitiba', 'PR', 'Brasil', '80020-200');

UPDATE FORNECEDORES SET FORN_CONTATO = 'Rodilindo' WHERE FORN_COD = 2;
UPDATE FORNECEDORES SET FORN_SITE = 'www.fornecedorB.com.br' WHERE FORN_COD = 2;
DELETE FROM FORNECEDORES WHERE FORN_COD = 2;

INSERT INTO PRODUTOS (PROD_COD, PROD_NOME, PROD_PRECO, PROD_QT)VALUES
(1, 'Produto A', 29.99, 100),
(2, 'Produto B', 99.99, 50),
(3, 'Produto C', 15.49, 200),
(4, 'Produto D', 49.90, 150),
(5, 'Produto E', 10.00, 300);

UPDATE PRODUTOS SET PROD_PRECO = PROD_PRECO * 1.2 WHERE PROD_COD = 3;
UPDATE PRODUTOS SET PROD_QT = PROD_QT + 100 WHERE PROD_COD = 3;
DELETE FROM PRODUTOS WHERE PROD_COD = 3;

INSERT INTO VENDAS (VENDAS_COD, CLIENTES_CPF)VALUES
(1, '123.456.789-01'),
(2, '234.567.890-12'),
(3, '345.678.901-23'),
(4, '456.789.012-34'),
(5, '567.890.123-45');

UPDATE VENDAS SET VENDAS_DATA = '2024-12-01' WHERE VENDAS_COD = 1;
UPDATE VENDAS SET VENDAS_DATA = '2024-11-15'WHERE VENDAS_COD = 3;
DELETE FROM VENDAS WHERE VENDAS_COD = 2;


INSERT INTO PAGAMENTOS (PAG_COD, PAG_DATA, PAG_VALOR, PAG_STATUS, PAG_FORMA, PAG_VENDAS_COD)VALUES
(1, '2024-11-01', 120.00, 'Pago', 'Cartão de Crédito', 1),
(2, '2024-11-03', 250.00, 'Pago', 'Boleto Bancário', 2),
(3, '2024-11-10', 80.00, 'Pendente', 'Transferência', 3),
(4, '2024-11-15', 50.00, 'Pago', 'Dinheiro', 4),
(5, '2024-11-20', 180.00, 'Pendente', 'Cartão de Crédito', 5);

UPDATE PAGAMENTOS SET PAG_STATUS = 'Cancelado' WHERE PAG_COD = 3;
UPDATE PAGAMENTOS SET PAG_STATUS = 'Em disputa' WHERE PAG_COD = 5;
DELETE FROM PAGAMENTOS WHERE PAG_STATUS = 'Pendente';

INSERT INTO PROD_VENDAS (PRVE_QT, PRVE_VALOR, PRVE_PROD_COD, PRVE_VENDAS_COD)VALUES
(2, 59.98, 1, 1),
(3, 299.97, 2, 2),
(5, 77.45, 3, 3),
(1, 49.90, 4, 4),
(10, 100.00, 5, 5);

UPDATE PROD_VENDAS SET PRVE_QT = PRVE_QT + 2 WHERE PRVE_PROD_COD = 1 AND PRVE_VENDAS_COD = 1;
UPDATE PROD_VENDAS SET PRVE_QT = PRVE_QT - 1 WHERE PRVE_PROD_COD = 3 AND PRVE_VENDAS_COD = 3;
DELETE FROM PROD_VENDAS WHERE PRVE_VENDAS_COD = 3;

INSERT INTO FORN_PROD (FOPR_FORN_COD, FOPR_PROD_COD)VALUES
(1, 1),
(2, 2),
(3, 3),
(4, 4),
(5, 5);

UPDATE FORN_PROD SET FOPR_PROD_COD = 6 WHERE FOPR_FORN_COD = 1;
UPDATE FORN_PROD SET FOPR_PROD_COD = 5 WHERE FOPR_FORN_COD = 3;
DELETE FROM FORN_PROD WHERE FOPR_FORN_COD = 2 AND FOPR_PROD_COD = 2;


