USE ESTUDO_CASO_DMLII;
SHOW COLUMNS FROM PASSAGEIROS; 

INSERT INTO PASSAGEIROS(PASS_CPF, PASS_NOME, PASS_TELEFONE, PASS_RUA, PASS_N_RUA, PASS_BAIRRO, PASS_CIDADE, PASS_ESTADO, PASS_PAIS, PASS_COD_POSTAL, PASS_EMAIL) VALUES
('129.456.789-00', 'JUNINHO CAPIXABA', '11987654321', 'Rua A', 123, 'Centro', 'São Paulo', 'SP', 'Brasil', '01000-000', 'juninhocapixas@gmail.com'),
('981.654.321-10', 'UNO HENRIQUE', '11912345678', 'Rua B', 456, 'Zona sul', 'Rio de Janeiro', 'RJ', 'Brasil', '22000-000', 'unohenrique@gmail.com'),
('110.222.333-54', 'YURI ALBERTO', '21987654321', 'Rua C', 789, 'Corinthians', 'São Paulo', 'SP', 'Brasil', '04000-000', 'yurialberto@gmail.com'),
('456.789.012-34', 'Maria Silva', '21987654321', 'Avenida das Américas', 500, 'Barra da Tijuca', 'Rio de Janeiro', 'RJ', 'Brasil', '22630-010', 'maria.silva@gmail.com'),
('789.012.345-67', 'João Pereira', '11912345678', 'Rua da Consolação', 1000, 'Consolação', 'São Paulo', 'SP', 'Brasil', '01303-907', 'joao.pereira@yahoo.com');

UPDATE PASSAGEIROS SET PASS_TELEFONE = '11999999999' WHERE PASS_CPF = '129.456.789-00';
UPDATE PASSAGEIROS SET PASS_EMAIL = 'uno.henrique@novoemail.com' WHERE PASS_CPF = '981.654.321-10';
DELETE FROM PASSAGEIROS WHERE PASS_CPF = '129.456.789-00';


INSERT INTO AEROPORTOS(AEROP_COD, AEROP_RUA, AEROP_N_RUA, AEROP_BAIRRO, AEROP_CIDADE, AEROP_ESTADO, AEROP_PAIS, AEROP_NOME, AEROP_LATITUDE, AEROP_LONGITUDE) VALUES
('GRD', 'Rodovia Hélio Smidth', 's/n', 'Cumbica', 'Guarulhos', 'SP', 'Brasil', -23.435556, -46.473056),
('GOG', 'Saint Germain', 's/n', 'PSG', 'Paris Saint Germain', 'Paris', 'França', -22.809999, -43.250555),
('CGL', 'Av. Washington Luis', 's/n', 'Campo Belo', 'São Paulo', 'SP', 'Brasil', -23.626056, -46.656389),
('SDU', 'Av. dos Estados', 's/n', 'Coqueiral', 'Vitória', 'ES', 'Brasil', -20.290556, -40.292778),
('JFK', 'Van Wyck Expressway', 's/n', 'Jamaica', 'Nova York', 'NY', 'Estados Unidos', -40.747139, -73.778139);

UPDATE AEROPORTOS SET AEROP_NOME = 'Aeroporto Internacional de Guarulhos' WHERE AEROP_COD = 'GRD';
UPDATE AEROPORTOS SET AEROP_CIDADE = 'São Paulo' WHERE AEROP_COD = 'CGL';
DELETE FROM AEROPORTOS WHERE AEROP_COD = 'GRD';

INSERT INTO AERONAVES(AERON_PREFIXO, AERON_MODELO, AERON_ANOFABR, AERON_FABRICANTE, AERON_CAPACIDADE, AERON_AUTONOMIA) VALUES
('PT-ABD', 'Gol 787', 2018, 'Gol', 180, 5000.1234),
('PR-XYZ', 'Airbus A520', 2019, 'Airbus', 160, 4000.5678),
('PT-ZYP', 'Azul 195', 2021, 'Azul', 130, 3000.8765),
('PR-ABC', 'Embraer 195', 2020, 'Embraer', 120, 3500),
('PZ-DEF', 'Boeing 737', 2017, 'Boeing', 150, 4200);

UPDATE AERONAVES SET AERON_MODELO = 'Boeing 787' WHERE AERON_PREFIXO = 'PT-ABD';
UPDATE AERONAVES SET AERON_CAPACIDADE = 150 WHERE AERON_PREFIXO = 'PR-XYZ';
DELETE FROM AERONAVES WHERE AERON_PREFIXO = 'PT-ABD';


INSERT INTO FUNCIONARIOS(FUNC_ID, FUNC_NOME, FUNC_TELEFONE, FUNC_RUA, FUNC_N_RUA, FUNC_BAIRRO, FUNC_CIDADE, FUNC_ESTADO, FUNC_PAIS, FUNC_DATANASC, FUNC_CPF, FUNC_FUNCAO) VALUES
(1, 'Formiguinha', '11987654321', 'Rua C', 789, 'Bela Vista', 'São Paulo', 'SP', 'Brasil', '1985-02-15', '123.456.789-10', 'Piloto'),
(2, 'Haaland', '21912345678', 'Rua D', 321, 'Centro', 'Rio de Janeiro', 'RJ', 'Brasil', '1990-07-23', '987.654.321-10', 'Comissário'),
(3, 'Lucas Moura', '31987654321', 'Rua E', 456, 'Savassi', 'Belo Horizonte', 'MG', 'Brasil', '1988-05-19', '456.789.123-20', 'Mecânico'),
(4, 'Ana Silva', '27999999999', 'Avenida Atlântica', 123, 'Copacabana', 'Rio de Janeiro', 'RJ', 'Brasil', '1992-11-25', '111.222.333-44', 'Comissária'),
(5, 'Pedro Santos', '11888888888', 'Rua Augusta', 900, 'Consolação', 'São Paulo', 'SP', 'Brasil', '1987-03-18', '222.333.444-55', 'Piloto');

UPDATE FUNCIONARIOS SET FUNC_FUNCAO = 'Capitão' WHERE FUNC_ID = 1;
UPDATE FUNCIONARIOS SET FUNC_CIDADE = 'São Paulo' WHERE FUNC_ID = 3;
DELETE FROM FUNCIONARIOS WHERE FUNC_ID = 1;

INSERT INTO VOOS(VOO_ID, VOO_DATA, VOO_HORA, VOO_AEROP_ORIGEM, VOO_AEROP_DESTINO, VOO_AERONAVE) VALUES
(1, '2024-11-15', '08:00:00', 'GRD', 'CGL', 'PT-ABD'),
(2, '2024-11-16', '13:30:00', 'GOG', 'GRD', 'PR-XYZ'),
(3, '2024-12-01', '09:45:00', 'CGL', 'GOG', 'PT-ZYP'),
(4, '2024-11-17', '16:00:00', 'SDU', 'CGL', 'PR-ABC'),
(5, '2024-11-18', '10:30:00', 'CGL', 'JFK', 'PZ-DEF');

UPDATE VOOS SET VOO_HORA = '10:00:00' WHERE VOO_ID = 1;
UPDATE VOOS SET VOO_AERONAVE = 'PT-ZYP' WHERE VOO_ID = 2;
DELETE FROM VOOS WHERE VOO_ID = 1;

INSERT INTO RESERVAS(RESERVA_COD, VOO_RESERVA, PASS_RESERVA) VALUES
(1, 1, '129.456.789-00'),
(2, 2, '981.654.321-10'),
(3, 3, '110.222.333-54'),
(4, 4, '456.789.012-34'),
(5, 5, '789.012.345-67');

UPDATE RESERVAS SET VOO_RESERVA = 3 WHERE RESERVA_COD = 1;
UPDATE RESERVAS SET PASS_RESERVA = '129.456.789-00' WHERE RESERVA_COD = 2;
DELETE FROM RESERVAS WHERE RESERVA_COD = 1;

INSERT INTO EQUIPES(FUNC_EQUIPES, VOO_EQUIPES) VALUES
(1, 1),
(2, 2),
(3, 3),
(4, 4),
(5, 5);

UPDATE EQUIPES SET FUNC_EQUIPES = 2 WHERE VOO_EQUIPES = 1;
UPDATE EQUIPES SET VOO_EQUIPES = 3 WHERE FUNC_EQUIPES = 3;
DELETE FROM EQUIPES WHERE FUNC_EQUIPES = 1 AND VOO_EQUIPES = 1;
