USE ESTUDO_CASO_DMLIII;
SHOW COLUMNS FROM CLIENTES;

INSERT INTO CLIENTES (CLIENTE_COD, CLIENTE_CNPJ, CLIENTE_RAZAO_SOCIAL, CLIENTE_RAMO_ATIVIDADE, CLIENTE_DATA_CADASTRAMENTO, CLIENTE_PESSOACONTAT) 
VALUES
(1, '12.345.67-99', 'Empr A', 'Tecnologia', '2024-01-01', 'Messi'),
(2, '98.765.41-22', 'Empr B', 'Consultoria', '2023-12-15', 'Cristiano Ronaldo'),
(3, '11.223.35-11', 'Empr C', 'Comércio', '2024-03-20', 'Rodrigo Garro'),
(4, '44.555.66-44', 'Empr D', 'Serviços', '2022-07-10', 'Léo Pele'),
(5, '33.444.51-33', 'Empr E', 'Indústria', '2023-06-05', 'Payet');

UPDATE CLIENTES SET CLIENTE_RAZAO_SOCIAL = 'Empresa A Atualizada' WHERE CLIENTE_COD = 1;
UPDATE CLIENTES SET CLIENTE_DATA_CADASTRAMENTO = '2024-02-15' WHERE CLIENTE_COD = 3;
DELETE FROM CLIENTES WHERE CLIENTE_COD = 2;


INSERT INTO EMPREGADOS (EMPR_COD, EMPR_NOME, EMPR_CARGO, EMPR_SALARIO, EMPR_DATEADMI, EMPR_QUALIFICACOES)
VALUES
(1, 'Lucas Digne', 'Gerente', 4500.50, '2022-02-15', 'MBA em Gestão'),
(2, 'Ana Julia', 'Analista', 3000.00, '2023-05-01', 'Engenharia de Software'),
(3, 'Carlinhos', 'Assistente', 2500.75, '2021-08-20', 'Técnico em Informática'),
(4, 'Fernanda Pedra', 'Consultora', 5500.00, '2024-01-10', 'Mestrado em Economia'),
(5, 'Tiago Alcantara', 'Diretor', 7000.00, '2019-07-25', 'Doutorado em Administração');

UPDATE EMPREGADOS SET EMPR_SALARIO = 4800.00 WHERE EMPR_COD = 1;
UPDATE EMPREGADOS SET EMPR_CARGO = 'Consultor' WHERE EMPR_COD = 4;
DELETE FROM EMPREGADOS WHERE EMPR_COD = 1;


INSERT INTO FORNECEDORES (FORN_CNPJ, FORN_RAZAO_SOCIAL, FORN_PESSOACONT)
VALUES
('21.123.456/0001-78', 'Fornecedor A', 'José Mendes'),
('22.234.567/0001-88', 'Fornecedor B', 'Patrícia Lima'),
('23.345.678/0001-99', 'Fornecedor C', 'Marcos Oliveira'),
('24.456.789/0001-00', 'Fornecedor D', 'Lucas Ferreira'),
('25.567.890/0001-11', 'Fornecedor E', 'Renata Costa');

UPDATE FORNECEDORES SET FORN_RAZAO_SOCIAL = 'Fornecedor A Atualizado' WHERE FORN_CNPJ = '21.123.456/0001-78';
UPDATE FORNECEDORES SET FORN_PESSOACONT = 'Depay' WHERE FORN_CNPJ = '22.234.567/0001-88';
DELETE FROM FORNECEDORES WHERE FORN_CNPJ = '21.123.456/0001-78';



INSERT INTO MAQUINAS (MAQUINAS_COD, MAQUINAS_TEMPODEVIDA, MAQUINAS_DATACOMPRA, MAQUINAS_FIMDEGARANTIA)
VALUES
(1, '2025-06-01', '2022-06-01', '2024-06-01'),
(2, '2024-11-15', '2023-05-01', '2025-05-01'),
(3, '2023-12-10', '2022-03-20', '2023-03-20'),
(4, '2026-08-25', '2024-01-12', '2026-01-12'),
(5, '2027-10-30', '2025-09-18', '2027-09-18');

UPDATE MAQUINAS SET MAQUINAS_TEMPODEVIDA = '2026-06-01' WHERE MAQUINAS_COD = 1;
UPDATE MAQUINAS SET MAQUINAS_FIMDEGARANTIA = '2024-06-01' WHERE MAQUINAS_COD = 3;
DELETE FROM MAQUINAS WHERE MAQUINAS_COD = 1;


INSERT INTO TIPOCOMP (TDC_COD, TDC_NOME)
VALUES
(1, 'Tipo A'),
(2, 'Tipo B'),
(3, 'Tipo C'),
(4, 'Tipo D'),
(5, 'Tipo E');

UPDATE TIPOCOMP SET TDC_NOME = 'Novo Tipo A' WHERE TDC_COD = 1;
UPDATE TIPOCOMP SET TDC_NOME = 'Novo Tipo B' WHERE TDC_COD = 2;
DELETE FROM TIPOCOMP WHERE TDC_COD = 1;

INSERT INTO PAGAMENTOS (PAGAMENTOS_ID, PAGAMENTOS_TOTAL, PAGAMENTOS_DESCONTO, PAGAMENTOS_LIQUIDO, PAGAMENTOS_FORMAPAG, PAGAMENTOS_QUANTPARCELAS)
VALUES
(1, 1000.00, 100.00, 900.00, 'Cartão de Crédito', '3'),
(2, 500.00, 50.00, 450.00, 'Boleto', '1'),
(3, 2000.00, 200.00, 1800.00, 'Transferência Bancária', '5'),
(4, 1500.00, 150.00, 1350.00, 'Pix', '2'),
(5, 800.00, 80.00, 720.00, 'Cartão de Débito', '1');

UPDATE PAGAMENTOS SET PAGAMENTOS_LIQUIDO = 950.00 WHERE PAGAMENTOS_ID = 1;
UPDATE PAGAMENTOS SET PAGAMENTOS_FORMAPAG = 'Transferência Bancária' WHERE PAGAMENTOS_ID = 3;
DELETE FROM PAGAMENTOS WHERE PAGAMENTOS_ID = 1;


INSERT INTO COMPONENTES (COMP_COD, COMP_NOME, COMP_QUANTESTOQUE, COMP_PRECOUNIT, COMP_UND)
VALUES
(1, 'Componente A', 100, 50.00, 1.50),
(2, 'Componente B', 200, 30.00, 2.00),
(3, 'Componente C', 150, 45.00, 1.75),
(4, 'Componente D', 250, 60.00, 2.20),
(5, 'Componente E', 300, 40.00, 1.90);

UPDATE COMPONENTES SET COMP_QUANTESTOQUE = 120 WHERE COMP_COD = 1;
UPDATE COMPONENTES SET COMP_PRECOUNIT = 55.00 WHERE COMP_COD = 2;
DELETE FROM COMPONENTES WHERE COMP_COD = 1;


INSERT INTO PRODUTOS (PROD_COD, PROD_NOME, PROD_COR, PROD_DIMENSOES, PROD_PESO, PROD_TEMPODEFABR, PROD_HORAOBRA)
VALUES
(1, 'Produto A', 'Azul', 10.5, 200.00, '01:00:00', '02:00:00'),
(2, 'Produto B', 'Vermelho', 20.5, 300.00, '02:00:00', '03:00:00'),
(3, 'Produto C', 'Verde', 15.3, 250.00, '01:30:00', '02:30:00'),
(4, 'Produto D', 'Amarelo', 30.2, 350.00, '03:00:00', '04:00:00'),
(5, 'Produto E', 'Preto', 12.8, 280.00, '02:30:00', '03:30:00');

UPDATE PRODUTOS SET PROD_PESO = 210.00 WHERE PROD_COD = 1;
UPDATE PRODUTOS SET PROD_DIMENSOES = 25.0 WHERE PROD_COD = 2;
DELETE FROM PRODUTOS WHERE PROD_COD = 1;

INSERT INTO TIPO_END (TDE_COD, TDE_NOME, T_CLIENTE_COD, T_EMPR_COD, T_FORN_CNPJ)
VALUES
(1, 'Tipo A', 1, 1, '21.123.456/0001-78'),
(2, 'Tipo B', 2, 2, '22.234.567/0001-88'),
(3, 'Tipo C', 3, 3, '23.345.678/0001-99'),
(4, 'Tipo D', 4, 4, '24.456.789/0001-00'),
(5, 'Tipo E', 5, 5, '25.567.890/0001-11');

UPDATE TIPO_END SET TDE_NOME = 'Novo Tipo A' WHERE TDE_COD = 1;
UPDATE TIPO_END SET TDE_NOME = 'Novo Tipo B' WHERE TDE_COD = 2;
DELETE FROM TIPO_END WHERE TDE_COD = 1;

INSERT INTO ENDERECOS (ENDERECOS_RUA, ENDERECOS_N_RUA, ENDERECOS_COMPLEMENTOS, ENDERECOS_CEP, ENDERECOS_BAIRRO, ENDERECOS_CIDADE, ENDERECOS_PAIS, TDE_EMPR_COD, TDE_FORN_CNPJ, TDE_CLIENTE_COD)
VALUES
('Rua A', '123', 'Apto 101', '01000-000', 'Centro', 'São Paulo', 'Brasil', 1, '21.123.456/0001-78', 1),
('Rua B', '456', 'Casa 202', '02000-000', 'Zona Norte', 'Rio de Janeiro', 'Brasil', 2, '22.234.567/0001-88', 2),
('Rua C', '789', 'Sala 303', '03000-000', 'Zona Sul', 'Belo Horizonte', 'Brasil', 3, '23.345.678/0001-99', 3),
('Rua D', '101', 'Bloco 404', '04000-000', 'Zona Oeste', 'Salvador', 'Brasil', 4, '24.456.789/0001-00', 4),
('Rua E', '202', 'Prédio 505', '05000-000', 'Centro', 'Curitiba', 'Brasil', 5, '25.567.890/0001-11', 5);

UPDATE ENDERECOS SET ENDERECOS_BAIRRO = 'Centro Atualizado' WHERE TDE_CLIENTE_COD = 1;
UPDATE ENDERECOS SET ENDERECOS_CIDADE = 'Porto Alegre' WHERE TDE_CLIENTE_COD = 5;
DELETE FROM ENDERECOS WHERE TDE_CLIENTE_COD = 1;

INSERT INTO RS (RS_QUANT, RS_DESCRICAO, MAQUINAS_COD, COMP_COD)
VALUES
(10, 'Componente A', 1, 1),
(20, 'Componente B', 2, 2),
(15, 'Componente C', 3, 3),
(25, 'Componente D', 4, 4),
(30, 'Componente E', 5, 5);

UPDATE RS SET RS_QUANT = 12 WHERE MAQUINAS_COD = 1 AND COMP_COD = 1;
UPDATE RS SET RS_QUANT = 18 WHERE MAQUINAS_COD = 2 AND COMP_COD = 2;
DELETE FROM RS WHERE MAQUINAS_COD = 1 AND COMP_COD = 1;
